ID,run,day,echo,mean_tSNR,median_tSNR,sd_tSNR,n_voxels
sub-10,1,1,1,90.038520,87.001160,34.528516,49638
sub-10,1,1,2,61.518122,60.564823,26.227456,49638
sub-10,1,1,3,43.438310,43.538383,20.899840,49638
sub-10,1,1,4,31.450094,31.867708,16.558439,49638
sub-10,2,2,1,74.940113,74.277855,26.254100,49005
sub-10,2,2,2,51.429512,52.207172,21.101996,49005
sub-10,2,2,3,36.200583,37.101307,17.073631,49005
sub-10,2,2,4,26.098054,26.821297,13.537224,49005
sub-10,3,2,1,72.682614,72.119446,25.088497,49044
sub-10,3,2,2,49.706924,50.473480,20.169141,49044
sub-10,3,2,3,35.028559,35.978069,16.350793,49044
sub-10,3,2,4,25.203699,25.978481,12.958581,49044
sub-10,4,2,1,80.891593,79.970757,27.412113,48609
sub-10,4,2,2,57.013201,57.531372,21.903479,48609
sub-10,4,2,3,40.956804,42.085636,17.978735,48609
sub-10,4,2,4,29.789635,30.744658,14.480041,48609
sub-10,5,2,1,78.784414,77.800476,27.309251,49087
sub-10,5,2,2,55.216547,55.671398,21.844640,49087
sub-10,5,2,3,39.368902,40.429497,17.743778,49087
sub-10,5,2,4,28.510916,29.441004,14.201711,49087
sub-10,6,3,1,84.749846,81.477501,32.108152,48819
sub-10,6,3,2,57.197574,56.269268,24.545649,48819
sub-10,6,3,3,39.946017,40.039429,19.479081,48819
sub-10,6,3,4,28.767375,28.992628,15.379806,48819
sub-11,1,1,1,78.164510,76.508430,29.187369,53537
sub-11,1,1,2,53.506459,53.577026,23.522766,53537
sub-11,1,1,3,37.577332,38.566013,18.898664,53537
sub-11,1,1,4,27.043574,27.939835,14.939284,53537
sub-11,2,2,1,76.921176,75.476791,27.858533,53889
sub-11,2,2,2,52.710744,53.006489,22.248633,53889
sub-11,2,2,3,37.154821,38.055603,17.950016,53889
sub-11,2,2,4,26.691540,27.465014,14.314641,53889
sub-11,3,2,1,78.042449,76.487846,27.943908,53843
sub-11,3,2,2,53.327327,53.610310,22.171082,53843
sub-11,3,2,3,37.652773,38.647560,17.942859,53843
sub-11,3,2,4,27.113240,28.141905,14.371240,53843
sub-11,4,2,1,78.659777,77.414124,27.381857,53794
sub-11,4,2,2,54.201911,54.740490,21.759222,53794
sub-11,4,2,3,38.203600,39.494186,17.623397,53794
sub-11,4,2,4,27.394992,28.659452,14.089290,53794
sub-11,5,2,1,79.189842,78.564674,26.379033,53739
sub-11,5,2,2,54.602032,55.365467,21.254295,53739
sub-11,5,2,3,38.684151,40.203873,17.473844,53739
sub-11,5,2,4,27.712274,29.176540,13.977952,53739
sub-11,6,3,1,85.584628,80.922638,34.287677,53812
sub-11,6,3,2,59.843726,57.945980,26.337685,53812
sub-11,6,3,3,42.695421,42.421413,21.107352,53812
sub-11,6,3,4,30.913443,30.883801,16.935457,53812
sub-12,1,1,1,91.045902,87.185516,36.634402,50447
sub-12,1,1,2,62.200672,61.243088,27.582834,50447
sub-12,1,1,3,44.004345,44.230980,21.623403,50447
sub-12,1,1,4,32.150081,32.592079,17.177932,50447
sub-12,2,2,1,80.520970,80.676476,26.503450,50501
sub-12,2,2,2,56.776920,57.968796,21.825727,50501
sub-12,2,2,3,40.833199,42.343079,17.912219,50501
sub-12,2,2,4,29.466366,30.881346,14.344009,50501
sub-12,3,2,1,83.186381,82.776764,27.146821,50396
sub-12,3,2,2,58.830754,59.767159,22.111442,50396
sub-12,3,2,3,42.564168,44.005291,18.221176,50396
sub-12,3,2,4,30.783920,32.206619,14.614142,50396
sub-12,4,2,1,79.364721,79.053177,27.195785,50354
sub-12,4,2,2,54.750728,55.561466,22.027378,50354
sub-12,4,2,3,39.022570,40.360046,17.793689,50354
sub-12,4,2,4,28.222437,29.444050,14.130111,50354
sub-12,5,2,1,82.119791,82.228409,26.981228,50544
sub-12,5,2,2,56.954333,58.030388,21.866775,50544
sub-12,5,2,3,40.666702,42.128746,17.781792,50544
sub-12,5,2,4,29.452654,30.962023,14.218915,50544
sub-12,6,3,1,83.224861,81.196266,31.646741,50440
sub-12,6,3,2,56.949741,56.189312,24.190858,50440
sub-12,6,3,3,40.773305,40.873737,19.341019,50440
sub-12,6,3,4,29.879409,30.192089,15.425675,50440
sub-13,1,1,1,80.282611,76.603569,31.749680,48597
sub-13,1,1,2,55.606557,54.011173,24.692977,48597
sub-13,1,1,3,39.815670,39.270397,19.622719,48597
sub-13,1,1,4,28.958840,28.849100,15.571667,48597
sub-13,2,2,1,79.819384,77.888565,29.030111,47468
sub-13,2,2,2,56.027398,55.865810,23.086537,47468
sub-13,2,2,3,39.992449,40.489563,18.501391,47468
sub-13,2,2,4,28.747472,29.231482,14.733440,47468
sub-13,3,2,1,79.847017,77.921867,28.309197,47545
sub-13,3,2,2,55.727329,55.746231,22.495443,47545
sub-13,3,2,3,39.661736,40.264034,17.960818,47545
sub-13,3,2,4,28.434563,29.043894,14.244972,47545
sub-13,4,2,1,73.408881,72.410965,27.105430,48905
sub-13,4,2,2,51.323319,51.657154,21.899341,48905
sub-13,4,2,3,36.338781,37.010609,17.410571,48905
sub-13,4,2,4,26.031666,26.681217,13.765095,48905
sub-13,5,2,1,70.118504,68.537781,26.188401,48686
sub-13,5,2,2,48.754758,48.563965,21.004757,48686
sub-13,5,2,3,34.568036,34.946594,16.728594,48686
sub-13,5,2,4,24.870142,25.276615,13.235496,48686
sub-13,6,3,1,77.517895,76.937813,28.313333,48065
sub-13,6,3,2,53.510431,54.282890,22.932565,48065
sub-13,6,3,3,37.800970,38.665329,18.285913,48065
sub-13,6,3,4,27.074402,27.792963,14.388134,48065
sub-14,1,1,1,76.350012,75.002777,30.817710,41308
sub-14,1,1,2,49.826672,50.572060,23.160054,41308
sub-14,1,1,3,34.935071,35.828793,18.087886,41308
sub-14,1,1,4,25.423372,26.271458,14.161344,41308
sub-14,2,2,1,55.380491,55.750923,20.872980,41287
sub-14,2,2,2,37.538790,38.916779,17.077754,41287
sub-14,2,2,3,26.752870,27.991333,13.783519,41287
sub-14,2,2,4,19.616354,20.381998,10.953481,41287
sub-14,3,2,1,70.183035,70.288147,25.226760,41172
sub-14,3,2,2,46.623740,48.278038,20.040149,41172
sub-14,3,2,3,32.899582,34.732704,16.069627,41172
sub-14,3,2,4,23.723942,25.153803,12.638188,41172
sub-14,4,2,1,73.236296,73.099213,25.995413,41277
sub-14,4,2,2,48.628706,50.023392,20.401452,41277
sub-14,4,2,3,34.426646,36.005207,16.278542,41277
sub-14,4,2,4,24.927452,26.221235,12.837159,41277
sub-14,5,2,1,74.492971,74.287239,25.592692,41216
sub-14,5,2,2,50.185177,51.777344,20.597584,41216
sub-14,5,2,3,35.553740,37.441944,16.678199,41216
sub-14,5,2,4,25.685570,27.276196,13.223866,41216
sub-14,6,3,1,67.723999,67.989182,27.417716,41264
sub-14,6,3,2,43.942560,44.881695,21.073228,41264
sub-14,6,3,3,30.927665,31.656759,16.511433,41264
sub-14,6,3,4,22.398295,22.812811,12.789832,41264
sub-15,1,1,1,79.752048,76.283463,34.211776,48524
sub-15,1,1,2,53.742785,52.862915,25.825241,48524
sub-15,1,1,3,37.727376,37.685211,20.060819,48524
sub-15,1,1,4,27.099713,27.179840,15.518633,48524
sub-15,2,2,1,80.749189,79.967331,28.681755,48513
sub-15,2,2,2,56.203476,56.705086,22.882460,48513
sub-15,2,2,3,39.940659,41.085239,18.303750,48513
sub-15,2,2,4,28.723855,29.634750,14.611468,48513
sub-15,3,2,1,77.523232,76.370506,28.183714,48483
sub-15,3,2,2,53.326119,53.838234,22.298119,48483
sub-15,3,2,3,37.737452,38.721634,17.801957,48483
sub-15,3,2,4,27.142549,28.086063,14.144909,48483
sub-15,4,2,1,78.478104,77.459518,28.726821,48442
sub-15,4,2,2,53.828662,54.378559,22.665744,48442
sub-15,4,2,3,37.837826,39.034046,17.952251,48442
sub-15,4,2,4,27.113097,28.125790,14.146074,48442
sub-15,5,2,1,79.362664,79.165588,28.135161,48512
sub-15,5,2,2,54.424759,55.549976,22.301397,48512
sub-15,5,2,3,38.357256,39.834740,17.726780,48512
sub-15,5,2,4,27.422279,28.676695,14.039301,48512
sub-15,6,3,1,79.551341,77.406914,31.573785,48442
sub-15,6,3,2,55.033667,54.985226,24.499509,48442
sub-15,6,3,3,38.933430,39.536560,19.315025,48442
sub-15,6,3,4,28.260431,28.837627,15.291510,48442
sub-16,1,1,1,82.699628,77.771729,34.431334,58179
sub-16,1,1,2,56.604612,54.063263,26.338653,58179
sub-16,1,1,3,40.795443,39.682556,20.467191,58179
sub-16,1,1,4,30.163555,29.662842,16.015786,58179
sub-16,2,2,1,NaN,NaN,NaN,NaN
sub-16,2,2,2,NaN,NaN,NaN,NaN
sub-16,2,2,3,NaN,NaN,NaN,NaN
sub-16,2,2,4,NaN,NaN,NaN,NaN
sub-16,3,2,1,NaN,NaN,NaN,NaN
sub-16,3,2,2,NaN,NaN,NaN,NaN
sub-16,3,2,3,NaN,NaN,NaN,NaN
sub-16,3,2,4,NaN,NaN,NaN,NaN
sub-16,4,2,1,NaN,NaN,NaN,NaN
sub-16,4,2,2,NaN,NaN,NaN,NaN
sub-16,4,2,3,NaN,NaN,NaN,NaN
sub-16,4,2,4,NaN,NaN,NaN,NaN
sub-16,5,2,1,NaN,NaN,NaN,NaN
sub-16,5,2,2,NaN,NaN,NaN,NaN
sub-16,5,2,3,NaN,NaN,NaN,NaN
sub-16,5,2,4,NaN,NaN,NaN,NaN
sub-16,6,3,1,NaN,NaN,NaN,NaN
sub-16,6,3,2,NaN,NaN,NaN,NaN
sub-16,6,3,3,NaN,NaN,NaN,NaN
sub-16,6,3,4,NaN,NaN,NaN,NaN
sub-17,1,1,1,91.938831,90.728973,36.466867,61758
sub-17,1,1,2,62.414015,62.337616,27.384222,61758
sub-17,1,1,3,44.932356,45.603283,21.464796,61758
sub-17,1,1,4,33.003560,33.854343,16.913035,61758
sub-17,2,2,1,83.652128,81.029984,33.518319,62332
sub-17,2,2,2,57.068116,56.459145,25.448782,62332
sub-17,2,2,3,40.911515,41.084656,19.856776,62332
sub-17,2,2,4,29.698338,30.093464,15.533350,62332
sub-17,3,2,1,79.511223,77.086105,32.097954,61967
sub-17,3,2,2,55.707662,55.280125,24.782596,61967
sub-17,3,2,3,40.197469,40.417011,19.486728,61966
sub-17,3,2,4,29.272875,29.724070,15.299609,61967
sub-17,4,2,1,80.854503,80.029900,31.244615,62390
sub-17,4,2,2,55.472923,56.004601,24.162456,62390
sub-17,4,2,3,39.812882,40.694942,19.038711,62390
sub-17,4,2,4,28.903569,29.773029,14.887739,62390
sub-17,5,2,1,80.104691,78.918793,31.307942,61991
sub-17,5,2,2,55.059387,55.295612,24.105014,61991
sub-17,5,2,3,39.538705,40.198112,18.949951,61991
sub-17,5,2,4,28.728366,29.408352,14.824183,61991
sub-17,6,3,1,81.715414,77.711357,35.650700,62038
sub-17,6,3,2,54.565991,52.778675,26.557831,62038
sub-17,6,3,3,38.844373,38.187695,20.516889,62038
sub-17,6,3,4,28.272930,28.115795,15.960351,62038
sub-18,1,1,1,72.275256,71.675385,26.999568,47518
sub-18,1,1,2,49.929570,50.789875,21.806618,47518
sub-18,1,1,3,35.817284,36.891972,17.785920,47518
sub-18,1,1,4,26.196123,27.037210,14.184982,47518
sub-18,2,2,1,76.757547,77.917542,26.073927,47401
sub-18,2,2,2,54.012603,56.130974,21.293414,47401
sub-18,2,2,3,38.759928,40.879333,17.504647,47401
sub-18,2,2,4,27.949931,29.690395,14.010868,47401
sub-18,3,2,1,73.653255,74.417152,25.035637,47182
sub-18,3,2,2,50.731923,52.462849,20.624739,47182
sub-18,3,2,3,36.203262,38.113785,16.818275,47182
sub-18,3,2,4,26.136927,27.674929,13.428222,47182
sub-18,4,2,1,73.880352,74.593681,24.593892,47058
sub-18,4,2,2,51.332251,53.093071,20.214703,47058
sub-18,4,2,3,36.776435,38.590439,16.680887,47058
sub-18,4,2,4,26.621604,28.102404,13.371173,47058
sub-18,5,2,1,77.014498,77.731171,25.910977,47501
sub-18,5,2,2,54.169764,55.922955,21.114906,47501
sub-18,5,2,3,38.859905,40.875732,17.338742,47501
sub-18,5,2,4,28.059599,29.763416,13.882448,47501
sub-18,6,3,1,81.319763,81.062767,29.513962,47689
sub-18,6,3,2,56.224202,57.495884,23.516056,47689
sub-18,6,3,3,40.490435,42.308815,19.299640,47689
sub-18,6,3,4,29.550703,31.056229,15.461276,47689
sub-19,1,1,1,85.525097,81.811798,35.014078,48778
sub-19,1,1,2,56.593397,55.570091,26.637348,48778
sub-19,1,1,3,39.335124,39.220264,20.714147,48778
sub-19,1,1,4,27.976380,28.008734,15.987444,48778
sub-19,2,2,1,75.004936,74.559212,26.769492,49023
sub-19,2,2,2,50.804309,51.883129,21.579939,49023
sub-19,2,2,3,35.455189,36.895908,17.218431,49023
sub-19,2,2,4,25.328367,26.574669,13.587453,49023
sub-19,3,2,1,78.017547,77.660110,27.115066,49101
sub-19,3,2,2,52.663359,53.989780,21.735472,49101
sub-19,3,2,3,36.864566,38.580029,17.453738,49101
sub-19,3,2,4,26.359348,27.863750,13.829300,49101
sub-19,4,2,1,78.568999,77.091713,28.909256,49099
sub-19,4,2,2,52.985221,53.748978,22.844853,49099
sub-19,4,2,3,37.082993,38.288826,18.295677,49099
sub-19,4,2,4,26.515022,27.585419,14.411162,49099
sub-19,5,2,1,71.402811,69.949059,26.637161,48972
sub-19,5,2,2,47.792801,48.238991,20.955756,48972
sub-19,5,2,3,33.413018,34.353390,16.657051,48972
sub-19,5,2,4,23.937693,24.831917,13.053369,48972
sub-19,6,3,1,85.009305,82.409760,32.479381,49180
sub-19,6,3,2,56.442699,56.127903,25.522984,49180
sub-19,6,3,3,39.232201,39.828934,20.047388,49180
sub-19,6,3,4,27.880918,28.541668,15.613911,49180
sub-20,1,1,1,82.384679,82.054840,28.678727,48777
sub-20,1,1,2,56.995726,58.262615,22.966731,48777
sub-20,1,1,3,40.814054,42.710682,18.432793,48777
sub-20,1,1,4,29.673584,31.527004,14.675939,48777
sub-20,2,2,1,64.307934,65.127975,22.347391,49274
sub-20,2,2,2,44.189790,45.829212,18.714196,49274
sub-20,2,2,3,31.537314,33.086231,15.191171,49274
sub-20,2,2,4,22.849517,24.079487,11.992098,49274
sub-20,3,2,1,72.697665,72.219040,24.601848,49507
sub-20,3,2,2,50.664451,52.047398,20.016499,49507
sub-20,3,2,3,36.531851,38.327675,16.368798,49507
sub-20,3,2,4,26.454792,28.232859,13.101399,49507
sub-20,4,2,1,70.307493,70.245010,23.682010,49567
sub-20,4,2,2,48.370780,49.718201,19.279975,49567
sub-20,4,2,3,34.675578,36.390560,15.733183,49567
sub-20,4,2,4,25.091494,26.666273,12.528347,49567
sub-20,5,2,1,72.473518,72.117760,24.811662,49635
sub-20,5,2,2,50.174859,51.395016,19.858954,49635
sub-20,5,2,3,35.876854,37.638374,16.132676,49635
sub-20,5,2,4,25.866651,27.457701,12.819615,49635
sub-20,6,3,1,NaN,NaN,NaN,NaN
sub-20,6,3,2,NaN,NaN,NaN,NaN
sub-20,6,3,3,NaN,NaN,NaN,NaN
sub-20,6,3,4,NaN,NaN,NaN,NaN
sub-21,1,1,1,87.570649,84.362747,33.032801,48868
sub-21,1,1,2,60.118664,59.342575,24.539072,48868
sub-21,1,1,3,42.299935,42.638645,19.310122,48868
sub-21,1,1,4,30.594376,31.106014,15.393070,48868
sub-21,2,2,1,84.159358,82.372574,30.091594,48934
sub-21,2,2,2,58.138613,57.640465,22.416011,48934
sub-21,2,2,3,41.136989,41.349701,17.914498,48934
sub-21,2,2,4,29.288712,29.610533,14.193692,48934
sub-21,3,2,1,85.643325,83.875603,31.188162,48956
sub-21,3,2,2,59.527207,59.025616,23.007189,48956
sub-21,3,2,3,42.335000,42.431194,18.284583,48956
sub-21,3,2,4,30.238528,30.483751,14.491378,48956
sub-21,4,2,1,85.400074,83.465736,30.451547,49042
sub-21,4,2,2,59.021341,58.691986,22.407708,49042
sub-21,4,2,3,41.887970,42.202560,17.845924,49042
sub-21,4,2,4,29.958769,30.358744,14.196230,49042
sub-21,5,2,1,88.136529,86.033852,30.634483,48839
sub-21,5,2,2,61.552707,60.887634,22.952730,48839
sub-21,5,2,3,43.949950,44.191990,18.490937,48839
sub-21,5,2,4,31.420162,31.809780,14.758822,48839
sub-21,6,3,1,95.934992,91.623840,37.528290,48869
sub-21,6,3,2,66.282736,64.884941,26.852290,48869
sub-21,6,3,3,47.083102,46.991932,21.064063,48869
sub-21,6,3,4,34.317781,34.681824,16.890739,48869
sub-22,1,1,1,79.287310,77.326622,31.158508,44330
sub-22,1,1,2,53.190685,53.311642,23.754882,44330
sub-22,1,1,3,37.682873,38.283287,18.959301,44330
sub-22,1,1,4,27.484526,27.963531,14.964108,44330
sub-22,2,2,1,79.972522,79.205193,28.966755,44391
sub-22,2,2,2,53.581395,53.619247,22.539156,44391
sub-22,2,2,3,38.200139,38.771534,17.939382,44391
sub-22,2,2,4,28.144695,28.814930,14.275184,44391
sub-22,3,2,1,67.500957,67.784042,24.636224,44356
sub-22,3,2,2,45.968526,46.726688,19.849205,44356
sub-22,3,2,3,32.667977,33.397648,16.057146,44356
sub-22,3,2,4,24.019772,24.685717,12.881712,44356
sub-22,4,2,1,68.546247,68.328362,25.669841,44476
sub-22,4,2,2,45.547914,46.037392,19.945116,44476
sub-22,4,2,3,32.118967,32.780369,15.795496,44476
sub-22,4,2,4,23.534775,24.015394,12.537025,44476
sub-22,5,2,1,75.259546,74.669411,26.911113,43813
sub-22,5,2,2,50.920096,51.523685,21.167530,43813
sub-22,5,2,3,36.152697,37.156921,17.090063,43813
sub-22,5,2,4,26.430884,27.329451,13.627790,43813
sub-22,6,3,1,76.703934,75.006561,31.171221,44300
sub-22,6,3,2,49.761820,49.336979,23.210206,44300
sub-22,6,3,3,35.029311,34.896046,18.112500,44300
sub-22,6,3,4,25.671666,25.508499,14.200468,44300
sub-23,1,1,1,84.887956,85.997879,31.449563,51914
sub-23,1,1,2,57.472562,59.609135,25.086651,51914
sub-23,1,1,3,40.521342,42.817661,20.242412,51914
sub-23,1,1,4,29.491054,31.340029,16.244858,51914
sub-23,2,2,1,81.301009,81.277702,28.592044,51742
sub-23,2,2,2,56.373522,57.537312,23.397356,51742
sub-23,2,2,3,39.824875,41.393486,19.060723,51742
sub-23,2,2,4,28.971151,30.335030,15.405400,51742
sub-23,3,2,1,62.659399,62.536777,24.924310,51782
sub-23,3,2,2,42.932031,43.894329,20.373655,51782
sub-23,3,2,3,29.901581,30.735651,16.168943,51782
sub-23,3,2,4,21.708986,22.040836,12.835462,51782
sub-23,4,2,1,61.640225,62.563095,22.721266,51886
sub-23,4,2,2,42.234861,43.853329,19.134624,51886
sub-23,4,2,3,29.795188,30.957733,15.556989,51886
sub-23,4,2,4,21.845575,22.435919,12.466273,51886
sub-23,5,2,1,80.398302,80.355515,29.069715,51713
sub-23,5,2,2,54.587693,56.000263,23.341522,51713
sub-23,5,2,3,38.270676,39.899223,18.732610,51713
sub-23,5,2,4,27.880150,29.300098,14.964754,51713
sub-23,6,3,1,66.988381,66.306976,26.803135,51577
sub-23,6,3,2,46.052133,47.108826,21.942062,51577
sub-23,6,3,3,32.852201,33.900944,17.733857,51577
sub-23,6,3,4,24.269540,24.904751,14.184239,51577
sub-24,1,1,1,82.698194,78.462402,35.478288,44654
sub-24,1,1,2,55.118157,53.024487,26.855841,44654
sub-24,1,1,3,37.742998,36.541012,20.836830,44654
sub-24,1,1,4,26.327836,25.401680,15.960433,44654
sub-24,2,2,1,70.675204,69.741394,25.958435,44434
sub-24,2,2,2,47.582301,48.568180,20.497437,44434
sub-24,2,2,3,32.949105,34.238541,16.324032,44434
sub-24,2,2,4,23.189290,24.124359,12.747846,44434
sub-24,3,2,1,74.281358,72.989479,29.165956,44473
sub-24,3,2,2,49.948144,50.131351,22.624708,44473
sub-24,3,2,3,34.557517,35.166058,17.795078,44473
sub-24,3,2,4,24.377061,24.910812,13.826424,44473
sub-24,4,2,1,81.775957,79.854454,29.803414,44258
sub-24,4,2,2,56.149905,56.372307,23.547808,44258
sub-24,4,2,3,39.251322,40.184940,18.929578,44258
sub-24,4,2,4,27.620857,28.503119,14.867951,44258
sub-24,5,2,1,81.191771,79.972511,29.247904,44353
sub-24,5,2,2,54.838303,55.541267,23.060613,44353
sub-24,5,2,3,38.028962,39.300087,18.364328,44353
sub-24,5,2,4,26.676059,27.813393,14.321880,44353
sub-24,6,3,1,84.565179,83.885017,30.275261,44599
sub-24,6,3,2,58.137692,59.075272,24.023618,44599
sub-24,6,3,3,40.646271,42.176071,19.396799,44599
sub-24,6,3,4,28.542435,29.801817,15.218336,44599
sub-25,1,1,1,NaN,NaN,NaN,NaN
sub-25,1,1,2,NaN,NaN,NaN,NaN
sub-25,1,1,3,NaN,NaN,NaN,NaN
sub-25,1,1,4,NaN,NaN,NaN,NaN
sub-25,2,2,1,80.358357,79.527336,29.382643,49891
sub-25,2,2,2,56.321015,56.582478,23.910214,49891
sub-25,2,2,3,40.264104,41.017651,19.378627,49891
sub-25,2,2,4,29.200692,29.842703,15.455313,49891
sub-25,3,2,1,76.331186,75.383652,29.316959,50276
sub-25,3,2,2,53.241280,53.233055,23.690490,50276
sub-25,3,2,3,37.828169,38.385059,19.027698,50276
sub-25,3,2,4,27.397626,27.863470,15.174868,50276
sub-25,4,2,1,82.590834,81.966675,29.091336,50132
sub-25,4,2,2,58.455279,59.074448,23.754794,50132
sub-25,4,2,3,42.204578,43.265232,19.494477,50132
sub-25,4,2,4,30.950632,31.954071,15.781689,50132
sub-25,5,2,1,84.225926,82.786629,30.165872,50013
sub-25,5,2,2,59.617685,59.540916,24.097411,50013
sub-25,5,2,3,43.060032,43.866089,19.674073,50013
sub-25,5,2,4,31.539408,32.425495,15.855576,50013
sub-25,6,3,1,81.139918,78.728416,32.130637,50263
sub-25,6,3,2,56.082850,55.326271,25.466953,50263
sub-25,6,3,3,39.871653,39.747841,20.355095,50263
sub-25,6,3,4,28.898961,28.933289,16.130749,50263
sub-26,1,1,1,86.561509,84.448029,31.785154,44393
sub-26,1,1,2,60.612461,60.854027,25.015693,44393
sub-26,1,1,3,43.586411,44.905064,20.120731,44393
sub-26,1,1,4,31.630708,33.131805,15.981988,44393
sub-26,2,2,1,78.278522,77.971169,26.437772,44319
sub-26,2,2,2,55.108992,55.826366,21.862987,44319
sub-26,2,2,3,39.585037,40.764030,17.977360,44319
sub-26,2,2,4,28.610626,29.736382,14.409726,44319
sub-26,3,2,1,79.546860,78.764992,27.935496,44497
sub-26,3,2,2,56.678052,57.017227,22.856864,44497
sub-26,3,2,3,40.970810,41.789066,18.754402,44497
sub-26,3,2,4,29.580507,30.448875,14.999141,44497
sub-26,4,2,1,77.264971,77.075920,27.168323,44387
sub-26,4,2,2,54.681328,55.389454,22.109938,44387
sub-26,4,2,3,39.584953,40.834198,18.117376,44387
sub-26,4,2,4,28.773787,29.870386,14.541321,44387
sub-26,5,2,1,76.990941,76.781349,26.312352,44391
sub-26,5,2,2,54.206846,54.944057,21.624854,44391
sub-26,5,2,3,39.236471,40.493668,17.783469,44391
sub-26,5,2,4,28.452918,29.593040,14.209880,44391
sub-26,6,3,1,87.369912,83.814545,34.548886,44442
sub-26,6,3,2,59.556300,58.862896,26.797623,44442
sub-26,6,3,3,42.307665,42.916759,21.024253,44442
sub-26,6,3,4,30.448524,31.290096,16.338777,44442
sub-27,1,1,1,82.775701,81.883987,28.430281,49355
sub-27,1,1,2,57.802571,58.075871,22.318270,49355
sub-27,1,1,3,41.071756,41.765873,17.725264,49355
sub-27,1,1,4,29.600112,30.304558,13.995800,49355
sub-27,2,2,1,75.384241,74.225006,25.940738,49287
sub-27,2,2,2,53.095274,53.280045,20.642424,49287
sub-27,2,2,3,37.763297,38.341904,16.578560,49287
sub-27,2,2,4,27.045686,27.656546,13.064967,49287
sub-27,3,2,1,64.183340,63.838673,23.067064,50116
sub-27,3,2,2,43.692249,43.967567,18.366523,50116
sub-27,3,2,3,30.442168,30.919067,14.454162,50116
sub-27,3,2,4,21.594597,21.777611,11.183218,50116
sub-27,4,2,1,64.640574,63.918949,22.633892,49558
sub-27,4,2,2,44.341872,44.534222,18.088596,49558
sub-27,4,2,3,31.163961,31.632725,14.316109,49558
sub-27,4,2,4,22.266161,22.641731,11.183672,49558
sub-27,5,2,1,68.259629,67.525993,24.561057,50458
sub-27,5,2,2,46.457024,46.795021,19.262722,50458
sub-27,5,2,3,32.366734,32.977825,15.092204,50458
sub-27,5,2,4,23.005414,23.451859,11.708433,50458
sub-27,6,3,1,84.704801,81.379784,32.974652,49636
sub-27,6,3,2,57.512355,56.271828,24.938314,49636
sub-27,6,3,3,40.252644,39.842236,19.333353,49636
sub-27,6,3,4,28.748044,28.721527,14.987755,49636
sub-28,1,1,1,78.999131,78.400238,28.450611,49918
sub-28,1,1,2,54.745373,54.755207,23.170802,49918
sub-28,1,1,3,39.494516,39.804466,18.808196,49918
sub-28,1,1,4,28.755373,29.088476,14.958623,49918
sub-28,2,2,1,82.517445,81.926788,28.403819,49972
sub-28,2,2,2,58.985882,59.056896,23.039438,49972
sub-28,2,2,3,42.979267,43.363811,19.036201,49972
sub-28,2,2,4,31.343698,31.713692,15.367429,49972
sub-28,3,2,1,81.627281,80.643242,28.901994,50017
sub-28,3,2,2,57.981890,57.834930,22.972381,50017
sub-28,3,2,3,42.006746,42.173725,18.707561,50017
sub-28,3,2,4,30.634558,30.905052,15.099502,50017
sub-28,4,2,1,80.790377,79.252884,29.117678,49885
sub-28,4,2,2,57.353060,56.774353,23.073144,49885
sub-28,4,2,3,41.504154,41.421749,18.777296,49885
sub-28,4,2,4,30.282168,30.451313,15.085773,49885
sub-28,5,2,1,84.797836,83.131325,30.313736,49945
sub-28,5,2,2,59.921914,59.566025,23.776121,49945
sub-28,5,2,3,43.244579,43.380085,19.302949,49945
sub-28,5,2,4,31.431035,31.758715,15.496422,49945
sub-28,6,3,1,NaN,NaN,NaN,NaN
sub-28,6,3,2,NaN,NaN,NaN,NaN
sub-28,6,3,3,NaN,NaN,NaN,NaN
sub-28,6,3,4,NaN,NaN,NaN,NaN
sub-29,1,1,1,76.967105,75.343918,32.112140,45696
sub-29,1,1,2,54.195441,54.354359,26.028745,45696
sub-29,1,1,3,38.703869,38.982891,21.009353,45696
sub-29,1,1,4,28.417765,28.600498,16.804183,45696
sub-29,2,2,1,72.738582,71.313194,28.895703,45670
sub-29,2,2,2,50.972762,51.459343,23.417733,45670
sub-29,2,2,3,36.223280,36.999901,18.801997,45670
sub-29,2,2,4,26.481189,27.031773,15.010650,45670
sub-29,3,2,1,59.696456,58.538746,25.336051,45728
sub-29,3,2,2,42.602077,42.699009,20.774236,45728
sub-29,3,2,3,30.268760,30.560991,16.519679,45728
sub-29,3,2,4,22.137387,22.225090,13.022632,45728
sub-29,4,2,1,68.996647,67.501808,27.537103,45699
sub-29,4,2,2,49.045227,49.402824,22.467872,45699
sub-29,4,2,3,34.977329,35.805988,18.070748,45699
sub-29,4,2,4,25.529810,26.113628,14.424418,45699
sub-29,5,2,1,64.088996,63.280411,25.665903,45710
sub-29,5,2,2,44.958275,45.435566,20.975647,45710
sub-29,5,2,3,32.088402,32.763195,16.876442,45710
sub-29,5,2,4,23.491338,23.760092,13.416609,45710
sub-29,6,3,1,75.282910,72.806686,31.780962,45600
sub-29,6,3,2,53.489167,53.598282,25.311975,45600
sub-29,6,3,3,38.471785,39.021969,20.345594,45600
sub-29,6,3,4,28.334159,28.791355,16.334767,45600
sub-30,1,1,1,81.323338,79.510773,34.538476,43518
sub-30,1,1,2,53.906178,53.333641,26.543126,43518
sub-30,1,1,3,38.073789,37.601437,20.789795,43518
sub-30,1,1,4,27.693112,27.197012,16.230442,43518
sub-30,2,2,1,81.386252,81.348846,28.681798,43586
sub-30,2,2,2,57.119784,58.332306,22.802363,43586
sub-30,2,2,3,41.163687,42.609535,18.495882,43586
sub-30,2,2,4,29.779392,31.091360,14.659250,43586
sub-30,3,2,1,75.927261,75.602623,26.598876,43502
sub-30,3,2,2,53.594188,54.404037,21.461625,43502
sub-30,3,2,3,38.720466,39.845284,17.442647,43502
sub-30,3,2,4,28.107303,29.214579,13.775532,43502
sub-30,4,2,1,82.115500,81.360687,28.291021,42981
sub-30,4,2,2,58.248168,59.295837,22.799108,42981
sub-30,4,2,3,42.133880,43.624352,18.582948,42981
sub-30,4,2,4,30.609775,32.084320,14.866420,42981
sub-30,5,2,1,80.815866,79.474670,29.155410,43500
sub-30,5,2,2,56.908876,57.522118,22.588413,43500
sub-30,5,2,3,41.206981,42.323303,18.240020,43500
sub-30,5,2,4,29.971036,31.118536,14.547962,43500
sub-30,6,3,1,92.066415,89.436722,34.088113,43506
sub-30,6,3,2,65.687414,66.203545,26.634223,43506
sub-30,6,3,3,47.971903,49.564095,21.587521,43506
sub-30,6,3,4,34.988636,36.753155,17.235134,43506
sub-31,1,1,1,64.797515,62.956806,27.018769,49037
sub-31,1,1,2,46.383624,46.291172,22.453687,49037
sub-31,1,1,3,33.230276,33.206467,18.187776,49037
sub-31,1,1,4,24.263852,23.979422,14.491078,49037
sub-31,2,2,1,63.964488,63.643665,24.116662,48579
sub-31,2,2,2,44.073864,44.919174,19.893643,48579
sub-31,2,2,3,31.365250,32.160866,15.983559,48579
sub-31,2,2,4,22.666374,23.027496,12.496716,48579
sub-31,3,2,1,65.117766,64.659180,24.199667,48706
sub-31,3,2,2,44.962218,45.800278,19.870854,48706
sub-31,3,2,3,32.087738,32.940189,15.991169,48706
sub-31,3,2,4,23.162973,23.720995,12.460758,48706
sub-31,4,2,1,66.762853,66.386017,23.405400,48900
sub-31,4,2,2,46.905810,48.031666,19.612925,48900
sub-31,4,2,3,33.625844,34.969410,16.055235,48900
sub-31,4,2,4,24.357878,25.359735,12.736130,48900
sub-31,5,2,1,57.711837,57.980537,20.912312,48424
sub-31,5,2,2,40.534711,41.825012,17.694994,48424
sub-31,5,2,3,29.000773,30.069250,14.379972,48424
sub-31,5,2,4,21.064189,21.664457,11.352017,48424
sub-31,6,3,1,69.146879,68.482445,26.900014,49093
sub-31,6,3,2,48.008680,48.945950,22.010337,49093
sub-31,6,3,3,34.221685,35.027523,17.742913,49093
sub-31,6,3,4,24.923712,25.296816,14.038255,49093
sub-32,1,1,1,85.552843,83.870537,34.036606,53370
sub-32,1,1,2,57.393403,57.802238,27.269212,53370
sub-32,1,1,3,40.838460,41.682987,21.537412,53370
sub-32,1,1,4,29.832987,30.538170,16.721870,53370
sub-32,2,2,1,82.657077,82.359970,30.602264,53172
sub-32,2,2,2,58.576467,59.278690,24.623649,53172
sub-32,2,2,3,42.904905,44.082657,19.858178,53172
sub-32,2,2,4,31.842304,33.178329,15.827687,53172
sub-32,3,2,1,71.246331,70.990013,27.813819,52398
sub-32,3,2,2,49.652028,50.466446,22.204765,52398
sub-32,3,2,3,36.040976,37.091900,17.736007,52398
sub-32,3,2,4,26.812411,27.755648,14.115037,52398
sub-32,4,2,1,78.265279,77.189400,29.642254,53540
sub-32,4,2,2,55.589418,56.138336,23.870182,53540
sub-32,4,2,3,40.730712,41.852669,19.237451,53540
sub-32,4,2,4,30.371835,31.508312,15.341917,53540
sub-32,5,2,1,70.946664,68.837173,28.814331,53513
sub-32,5,2,2,49.534402,49.270538,23.252619,53513
sub-32,5,2,3,35.912347,36.211433,18.564823,53513
sub-32,5,2,4,26.653308,27.014643,14.617407,53513
sub-32,6,3,1,85.301564,82.934662,34.505044,53712
sub-32,6,3,2,60.249877,60.281002,27.262914,53712
sub-32,6,3,3,44.098734,45.039169,21.757151,53712
sub-32,6,3,4,32.486246,33.692585,17.078835,53712
sub-33,1,1,1,93.377353,91.674690,34.648799,48230
sub-33,1,1,2,65.252159,65.467178,26.470002,48230
sub-33,1,1,3,47.178830,47.996777,21.175085,48230
sub-33,1,1,4,34.683818,35.830158,16.931961,48230
sub-33,2,2,1,80.982032,79.832283,29.786934,48120
sub-33,2,2,2,56.081333,56.129021,23.458689,48120
sub-33,2,2,3,40.164049,40.737965,18.669757,48120
sub-33,2,2,4,29.100136,29.687809,14.713346,48120
sub-33,3,2,1,75.445050,74.154327,28.546543,48151
sub-33,3,2,2,51.436728,51.397865,22.228549,48151
sub-33,3,2,3,36.689801,36.946495,17.600499,48151
sub-33,3,2,4,26.636434,27.041412,13.794515,48151
sub-33,4,2,1,82.993520,82.748703,28.604789,48108
sub-33,4,2,2,58.428942,59.078213,22.912257,48108
sub-33,4,2,3,42.217691,43.236076,18.536877,48108
sub-33,4,2,4,30.696885,31.756824,14.764400,48108
sub-33,5,2,1,85.362860,84.907883,29.906747,48114
sub-33,5,2,2,60.204281,60.749126,23.669147,48114
sub-33,5,2,3,43.564152,44.557812,19.148425,48114
sub-33,5,2,4,31.633646,32.641830,15.307706,48114
sub-33,6,3,1,87.930694,86.746460,33.376628,47650
sub-33,6,3,2,60.335101,60.192986,25.680628,47650
sub-33,6,3,3,43.387663,43.811325,20.418440,47650
sub-33,6,3,4,31.846772,32.420254,16.167002,47650
sub-34,1,1,1,78.026699,77.630020,30.151830,53163
sub-34,1,1,2,54.693370,55.222038,24.209197,53163
sub-34,1,1,3,39.528512,40.115517,19.314736,53163
sub-34,1,1,4,29.025106,29.638271,15.280187,53163
sub-34,2,2,1,68.974905,69.536285,25.681250,53382
sub-34,2,2,2,48.881693,49.816986,21.207080,53382
sub-34,2,2,3,35.635144,36.588844,17.016811,53382
sub-34,2,2,4,26.119530,26.860653,13.405276,53382
sub-34,3,2,1,65.934747,65.740784,24.504524,54084
sub-34,3,2,2,47.050570,47.656837,20.242552,54084
sub-34,3,2,3,34.253248,34.908459,16.386661,54084
sub-34,3,2,4,25.109564,25.692165,13.006461,54084
sub-34,4,2,1,72.350581,71.983116,27.052950,52928
sub-34,4,2,2,51.937962,52.933941,22.102387,52928
sub-34,4,2,3,38.007420,39.135635,17.865975,52928
sub-34,4,2,4,27.835628,28.764034,14.193431,52928
sub-34,5,2,1,72.689209,72.373222,27.653168,52739
sub-34,5,2,2,52.441584,53.613575,22.390057,52739
sub-34,5,2,3,38.081918,39.336872,18.017205,52739
sub-34,5,2,4,27.728921,28.787235,14.264244,52739
sub-34,6,3,1,78.371374,77.919678,29.362527,53539
sub-34,6,3,2,56.169106,57.282997,23.699345,53539
sub-34,6,3,3,41.395573,42.750286,19.151495,53539
sub-34,6,3,4,30.521871,31.676054,15.361357,53539
